vaf(%),branch points count,tip point count,vein count,total vein length,average vein length
0.0545501708984375,0,8,4,155.15432798862457,38.78858199715614

id,"p1.x, p1.y","p2.x, p2.y",length,p1_type,p2_type
1,"[495,6]","[488,35]",31.899494767189026,TIP,TIP
2,"[481,124]","[499,183]",67.87005722522736,TIP,TIP
3,"[256,301]","[250,309]",10.485281229019165,TIP,TIP
4,"[137,350]","[179,355]",44.899494767189026,TIP,TIP
