vaf(%),branch points count,tip point count,vein count,total vein length,average vein length
0.0614166259765625,0,10,5,174.22539567947388,34.84507913589478

id,"p1.x, p1.y","p2.x, p2.y",length,p1_type,p2_type
1,"[494,0]","[485,34]",37.72792184352875,TIP,TIP
2,"[478,89]","[478,94]",5.0,TIP,TIP
3,"[478,123]","[497,181]",68.69848430156708,TIP,TIP
4,"[254,299]","[248,307]",10.485281229019165,TIP,TIP
5,"[131,348]","[180,356]",52.31370830535889,TIP,TIP
