vaf(%),branch points count,tip point count,vein count,total vein length,average vein length
0.0713348388671875,0,10,5,208.09545290470123,41.619090580940245

id,"p1.x, p1.y","p2.x, p2.y",length,p1_type,p2_type
1,"[497,0]","[487,37]",41.14213538169861,TIP,TIP
2,"[480,92]","[480,96]",4.0,TIP,TIP
3,"[481,120]","[499,183]",73.5269113779068,TIP,TIP
4,"[255,301]","[248,310]",11.899494767189026,TIP,TIP
5,"[133,349]","[201,370]",77.5269113779068,TIP,TIP
