vaf(%),branch points count,tip point count,vein count,total vein length,average vein length
0.0667572021484375,0,8,4,193.78174459934235,48.44543614983559

id,"p1.x, p1.y","p2.x, p2.y",length,p1_type,p2_type
1,"[496,0]","[486,36]",40.14213538169861,TIP,TIP
2,"[480,123]","[500,183]",69.4558436870575,TIP,TIP
3,"[255,299]","[248,308]",11.899494767189026,TIP,TIP
4,"[135,348]","[199,368]",72.28427076339722,TIP,TIP
