vaf(%),branch points count,tip point count,vein count,total vein length,average vein length
0.077056884765625,0,10,5,222.68123936653137,44.53624787330627

id,"p1.x, p1.y","p2.x, p2.y",length,p1_type,p2_type
1,"[491,0]","[484,33]",35.899494767189026,TIP,TIP
2,"[477,81]","[477,93]",12.0,TIP,TIP
3,"[477,119]","[498,181]",73.28427076339722,TIP,TIP
4,"[253,298]","[245,307]",12.899494767189026,TIP,TIP
5,"[131,346]","[208,374]",88.5979790687561,TIP,TIP
