vaf(%),branch points count,tip point count,vein count,total vein length,average vein length
0.417327880859375,12,37,37,1242.1240140199661,33.57091929783692

id,"p1.x, p1.y","p2.x, p2.y",length,p1_type,p2_type
1,"[423,199]","[430,215]",17.899494767189026,TIP,BRANCH
2,"[427,216]","[430,215]",2.414213538169861,TIP,BRANCH
3,"[430,215]","[456,249]",46.28427076339722,BRANCH,BRANCH
4,"[510,157]","[456,249]",114.53910398483276,TIP,BRANCH
5,"[456,249]","[452,277]",28.656854152679443,BRANCH,BRANCH
6,"[412,275]","[396,277]",17.242640614509583,TIP,BRANCH
7,"[390,256]","[396,277]",22.071067690849304,TIP,BRANCH
8,"[396,277]","[395,279]",1.0,BRANCH,BRANCH
9,"[396,277]","[395,279]",2.414213538169861,BRANCH,BRANCH
10,"[471,275]","[452,277]",18.82842707633972,TIP,BRANCH
11,"[452,277]","[451,291]",13.41421353816986,BRANCH,BRANCH
12,"[387,337]","[395,279]",60.899494767189026,TIP,BRANCH
13,"[432,290]","[451,291]",19.242640614509583,TIP,BRANCH
14,"[465,356]","[451,291]",75.69848430156708,TIP,BRANCH
15,"[494,285]","[492,291]",5.828427076339722,TIP,BRANCH
16,"[486,290]","[492,291]",5.414213538169861,TIP,BRANCH
17,"[492,291]","[500,305]",16.313708305358887,BRANCH,BRANCH
18,"[496,320]","[500,305]",15.656854152679443,TIP,BRANCH
19,"[511,303]","[500,305]",10.41421353816986,TIP,BRANCH
20,"[331,314]","[331,316]",1.0,TIP,BRANCH
21,"[331,316]","[380,377]",84.9827550649643,BRANCH,BRANCH
22,"[327,318]","[331,316]",3.414213538169861,TIP,BRANCH
23,"[382,378]","[380,377]",1.4142135381698608,TIP,BRANCH
24,"[374,385]","[380,377]",10.071067690849304,TIP,BRANCH
25,"[275,452]","[360,493]",103.32590091228485,BRANCH,BRANCH
26,"[121,370]","[275,452]",190.06601536273956,TIP,BRANCH
27,"[284,443]","[275,452]",11.313708305358887,TIP,BRANCH
28,"[365,486]","[360,493]",8.071067690849304,TIP,BRANCH
29,"[377,510]","[360,493]",25.97056245803833,TIP,BRANCH
30,"[483,251]","[511,269]",37.79898953437805,TIP,TIP
31,"[433,318]","[449,332]",22.97056245803833,TIP,TIP
32,"[398,352]","[426,369]",35.870057225227356,TIP,TIP
33,"[302,383]","[331,412]",41.012192606925964,TIP,TIP
34,"[414,388]","[408,426]",71.94112491607666,TIP,TIP
35,"[350,429]","[292,431]",67.94112491607666,TIP,TIP
36,"[362,431]","[369,446]",21.071067690849304,TIP,TIP
37,"[430,448]","[423,453]",9.656854152679443,TIP,TIP
