vaf(%),branch points count,tip point count,vein count,total vein length,average vein length
0.08087158203125,0,10,5,236.40916121006012,47.28183224201202

id,"p1.x, p1.y","p2.x, p2.y",length,p1_type,p2_type
1,"[490,0]","[483,34]",36.899494767189026,TIP,TIP
2,"[476,81]","[476,94]",13.0,TIP,TIP
3,"[477,122]","[497,180]",67.4558436870575,TIP,TIP
4,"[252,296]","[241,310]",19.14213538169861,TIP,TIP
5,"[131,345]","[216,379]",99.91168737411499,TIP,TIP
