vaf(%),branch points count,tip point count,vein count,total vein length,average vein length
0.0705718994140625,0,10,5,225.5634891986847,45.11269783973694

id,"p1.x, p1.y","p2.x, p2.y",length,p1_type,p2_type
1,"[127,0]","[135,12]",17.656854152679443,TIP,TIP
2,"[39,13]","[12,34]",35.69848430156708,TIP,TIP
3,"[203,39]","[192,40]",12.242640614509583,TIP,TIP
4,"[296,57]","[373,166]",143.82337474822998,TIP,TIP
5,"[349,200]","[338,211]",16.14213538169861,TIP,TIP
